dropped_SNP,nSNP,b,se,pval,OR,OR_lci,OR_uci
rs12403537,11,-0.0479601258912803,0.0650582668990215,0.461008476342823,0.95317179319548,0.83905893636774,1.08280411299415
rs2228145,11,-0.0638329878535372,0.0786502882200422,0.41701817039547,0.938161670841736,0.80413545086734,1.09452620163336
rs3766926,11,-0.0354395073633601,0.0651905332289305,0.586696345744823,0.965181118814776,0.84941028511637,1.09673100083656
rs4291493,11,-0.0668037716445498,0.0655260786997131,0.307966128134049,0.935378731159449,0.822641408496798,1.06356592516321
rs4633282,11,-0.0468257244236636,0.0650887002140767,0.471885852068141,0.954253686211063,0.839961201549331,1.08409780828897
rs56019122,11,-0.034830847888833,0.0652207269034426,0.593309925553659,0.965768764267222,0.849877147225441,1.09746368528583
rs58348886,11,-0.0468278611440812,0.0648403213869664,0.470169806982746,0.954251647239907,0.840368417477991,1.08356785824108
rs59741504,11,-0.0473381598728826,0.0650695850338732,0.466919369376652,0.953764818062083,0.839562340163797,1.08350182548151
rs60498985,11,-0.047412229726887,0.0650743532240655,0.466255255076032,0.953694175457531,0.839492310566535,1.08343169896079
rs6669229,11,-0.0735876342254626,0.0651841190843937,0.258931722082745,0.929054725232699,0.817627432495134,1.05566746928142
rs73023349,11,-0.0487081580494742,0.0650738035332948,0.454154769592285,0.952459056650049,0.838405996627667,1.08202739274726
rs7543174,11,-0.0374564352767812,0.0659791103277608,0.570237720466313,0.963236379933065,0.846389611653933,1.09621421488561
