"Model","Exposure","N_SNPs","Beta","SE","OR","OR_lower","OR_upper","Z","P"
"IL6 + CRP","Intercept",196,-0.02117,0.00265,0.9791,0.974,0.9842,-7.992,1.32856428316474e-15
"IL6 + CRP","IL6",196,0.13952,0.05674,1.1497,1.0287,1.285,2.459,0.0139308341155693
"IL6 + CRP","CRP",196,-0.12919,0.03582,0.8788,0.8192,0.9427,-3.607,0.000309622834097912
"IL6 + CRP (no intercept)","IL6",196,0.03335,0.06347,1.0339,0.913,1.1709,0.525,0.599306344879332
"IL6 + CRP (no intercept)","CRP",196,-0.12075,0.04119,0.8863,0.8175,0.9608,-2.931,0.00337546836425615
"IL6 + IL1RA + TNFR1 + CRP","Intercept",399,-0.01458,0.00205,0.9855,0.9816,0.9895,-7.1,1.24845582997452e-12
"IL6 + IL1RA + TNFR1 + CRP","IL6",399,0.05172,0.05826,1.0531,0.9394,1.1805,0.888,0.374719348927403
"IL6 + IL1RA + TNFR1 + CRP","IL1RA",399,-0.02113,0.02713,0.9791,0.9284,1.0326,-0.779,0.436010837113711
"IL6 + IL1RA + TNFR1 + CRP","TNFR1",399,0.08873,0.11462,1.0928,0.8729,1.368,0.774,0.438820836067553
"IL6 + IL1RA + TNFR1 + CRP","CRP",399,-0.13491,0.03886,0.8738,0.8097,0.9429,-3.472,0.000517072503349539
"IL6 + IL1RA + TNFR1 + CRP (no intercept)","IL6",399,-0.03896,0.0603,0.9618,0.8546,1.0824,-0.646,0.518139489174419
"IL6 + IL1RA + TNFR1 + CRP (no intercept)","IL1RA",399,0.00417,0.02852,1.0042,0.9496,1.0619,0.146,0.883747462279827
"IL6 + IL1RA + TNFR1 + CRP (no intercept)","TNFR1",399,0.00256,0.12089,1.0026,0.7911,1.2706,0.021,0.983072337950804
"IL6 + IL1RA + TNFR1 + CRP (no intercept)","CRP",399,-0.14204,0.04121,0.8676,0.8003,0.9406,-3.447,0.00056630619093841
"IL6 + IL1RA + TNFR1","Intercept",227,-0.00728,0.00275,0.9927,0.9874,0.9981,-2.644,0.00819105044986662
"IL6 + IL1RA + TNFR1","IL6",227,0.05539,0.07442,1.057,0.9135,1.2229,0.744,0.45667650301473
"IL6 + IL1RA + TNFR1","IL1RA",227,0.01292,0.02947,1.013,0.9562,1.0732,0.439,0.661020730384823
"IL6 + IL1RA + TNFR1","TNFR1",227,0.20028,0.13958,1.2217,0.9293,1.6062,1.435,0.151325506765914
"IL6 + IL1RA + TNFR1 (no intercept)","IL6",227,0.03907,0.07515,1.0398,0.8974,1.2049,0.52,0.603085071327013
"IL6 + IL1RA + TNFR1 (no intercept)","IL1RA",227,0.0326,0.02889,1.0331,0.9763,1.0933,1.128,0.259113765705584
"IL6 + IL1RA + TNFR1 (no intercept)","TNFR1",227,0.13658,0.13931,1.1464,0.8724,1.5063,0.98,0.326880545310286
