Analysis,nSNP,Method,b,se,pval,OR,OR_lci,OR_uci,error
All 23 SNPs,23,IVW (random),0.194326388305887,0.0912340269308852,0.0331735038327236,1.21449261446068,1.01562856381954,1.45229502509504,
All 23 SNPs,23,IVW (fixed),0.194326388305887,0.0912340269308852,0.0331735038327236,1.21449261446068,1.01562856381954,1.45229502509504,
All 23 SNPs,23,IVW (TwoSampleMR),0.194326388305886,0.0912340269308851,0.0331735038327237,1.21449261446068,1.01562856381954,1.45229502509504,
All 23 SNPs,23,MR Egger,-0.325102593113714,0.391566524092585,0.415730510463481,0.722453231113414,0.335352527241063,1.55638806553864,
All 23 SNPs,23,Weighted median,0.233468116195271,0.121172788046911,0.0540123915833831,1.26297255887851,0.995977563381497,1.60154178480137,
All 23 SNPs,23,Weighted mode,0.348752937268246,0.186036247136739,0.0741800884679848,1.41729898532344,0.984247285480164,2.04088590685712,
All 23 SNPs,23,Simple mode,0.305801631716658,0.227008431124904,0.191662808973249,1.35771295264545,0.870110648455114,2.11856327129678,
IL6R locus only,12,IVW (random),0.0952408505259304,0.126317725602367,0.450862125911338,1.09992374043731,0.858694650014253,1.40892019620422,
IL6R locus only,12,IVW (fixed),0.0952408505259304,0.126317725602367,0.450862125911338,1.09992374043731,0.858694650014253,1.40892019620422,
IL6R locus only,12,IVW (TwoSampleMR),0.0952408505259304,0.126317725602367,0.450862125911338,1.09992374043731,0.858694650014253,1.40892019620422,
IL6R locus only,12,MR Egger,-0.274535494649063,0.405361638781143,0.513602917370999,0.759925030497942,0.343336485067618,1.68198276936273,
IL6R locus only,12,Weighted median,0.210590278746494,0.171334532349126,0.219027740125354,1.23440648886245,0.882298006089206,1.72703482182829,
IL6R locus only,12,Weighted mode,-0.0329354836510715,0.194595302108883,0.868671376587447,0.967600983658009,0.660774745361385,1.41689988933203,
IL6R locus only,12,Simple mode,0.234342501783,0.257077669011689,0.381541562550935,1.26407736682537,0.763738573634268,2.09219704815557,
HLA locus only,11,IVW (random),0.302384158411197,0.13191286796447,0.0218882105494848,1.35308092429809,1.04480988141074,1.75230730515999,
HLA locus only,11,IVW (fixed),0.302384158411197,0.13191286796447,0.0218882105494848,1.35308092429809,1.04480988141074,1.75230730515999,
HLA locus only,11,IVW (TwoSampleMR),0.302384158411197,0.13191286796447,0.0218882105494848,1.35308092429809,1.04480988141074,1.75230730515999,
HLA locus only,11,MR Egger,-0.118258216521398,2.90210929926218,0.968385608059356,0.888466606236029,0.00300826300039328,262.401562062018,
HLA locus only,11,Weighted median,0.371602584728534,0.169207103359723,0.0280818834079902,1.45005659213361,1.04076566866178,2.02030503474788,
HLA locus only,11,Weighted mode,0.379421193937448,0.254669204012029,0.167109882313852,1.46143845514613,0.887159541958523,2.40746140594379,
HLA locus only,11,Simple mode,0.382162977542088,0.236907094270605,0.137790610551752,1.46545090125754,0.92111081724053,2.3314744586652,
All minus rs2228145,22,IVW (random),0.250291243535824,0.101889047239749,0.0140294740195017,1.28439943525279,1.05189017338841,1.56830242454269,
All minus rs2228145,22,IVW (fixed),0.250291243535824,0.101889047239749,0.0140294740195017,1.28439943525279,1.05189017338841,1.56830242454269,
All minus rs2228145,22,IVW (TwoSampleMR),0.250291243535824,0.101889047239749,0.0140294740195017,1.28439943525279,1.05189017338841,1.56830242454269,
All minus rs2228145,22,MR Egger,-1.22310386557578,1.98750593326185,0.545232750803791,0.294315232822736,0.00598430246019272,14.474779115478,
All minus rs2228145,22,Weighted median,0.270019014372374,0.131432406313939,0.0399338448427765,1.30998935912192,1.01248884028498,1.69490472658409,
All minus rs2228145,22,Weighted mode,0.355897539197485,0.214199691852396,0.111465866848631,1.42746128194218,0.938067044203756,2.17217492505944,
All minus rs2228145,22,Simple mode,0.305155384291512,0.216203364366037,0.172763672034649,1.35683581759938,0.888160144036796,2.07282824869059,
IL6R minus rs2228145,11,IVW (random),0.173250646635248,0.160419682511568,0.280149426632469,1.18916412772066,0.868340004221556,1.62852260149565,
IL6R minus rs2228145,11,IVW (fixed),0.173250646635248,0.160419682511568,0.280149426632469,1.18916412772066,0.868340004221556,1.62852260149565,
IL6R minus rs2228145,11,IVW (TwoSampleMR),0.173250646635248,0.160419682511568,0.28014942663247,1.18916412772066,0.868340004221556,1.62852260149565,
IL6R minus rs2228145,11,MR Egger,-2.85765807769149,2.8342333774966,0.339664546564425,0.0574030364235076,0.000222017245298375,14.84167856515,
IL6R minus rs2228145,11,Weighted median,0.233460678737601,0.205731461637015,0.256466019577661,1.26296316560849,0.843856362002116,1.89022211540763,
IL6R minus rs2228145,11,Weighted mode,0.231368654216714,0.291405966242689,0.445642811577018,1.26032377749201,0.711921917783055,2.2311660653153,
IL6R minus rs2228145,11,Simple mode,0.231368654216714,0.312711711943445,0.476384501427026,1.26032377749201,0.682804770651102,2.32631067090682,
