SNP,effect_allele.exposure,other_allele.exposure,effect_allele.outcome,other_allele.outcome,beta.exposure,beta.outcome,eaf.exposure,eaf.outcome,remove,palindromic,ambiguous,id.outcome,se.outcome,pval.outcome,outcome,samplesize.outcome,locus,match_by,se.exposure,pval.exposure,exposure,id.exposure,action,SNP_index,mr_keep
rs1129737,T,C,T,C,0.0842,0.0036,0.302,0.3484,FALSE,FALSE,FALSE,GCST90652487,0.0234,0.8761,Keloid (Greene 2025),1593010,HLA,position,0.015,2.14797884612802e-08,IL-6,IL6,2,1,TRUE
rs12403537,A,G,A,G,-0.0797,0.0059,0.2309,0.211,FALSE,FALSE,FALSE,GCST90652487,0.0216,0.7833,Keloid (Greene 2025),1593010,IL6R,rsid,0.0141,1.65699042944589e-08,IL-6,IL6,2,1,TRUE
rs2228145,C,A,C,A,0.1747,-0.004,0.3786,0.3286,FALSE,FALSE,FALSE,GCST90652487,0.0186,0.8292,Keloid (Greene 2025),1593010,IL6R,rsid,0.0124,3.3357999666205e-45,IL-6,IL6,2,1,TRUE
rs3129754,G,A,G,A,0.0793,0.0096,0.434,0.4325,FALSE,FALSE,FALSE,GCST90652487,0.0183,0.5989,Keloid (Greene 2025),1593010,HLA,rsid,0.014,1.55800913599749e-08,IL-6,IL6,2,1,TRUE
rs34136174,C,A,C,A,0.0875,-2e-04,0.473,0.4458,FALSE,FALSE,FALSE,GCST90652487,0.0181,0.9925,Keloid (Greene 2025),1593010,HLA,rsid,0.015,5.94401641360221e-09,IL-6,IL6,2,1,TRUE
rs34850435,T,C,T,C,0.0768,-5e-04,0.4639,0.4462,FALSE,FALSE,FALSE,GCST90652487,0.0181,0.9771,Keloid (Greene 2025),1593010,HLA,rsid,0.0138,2.32600155108448e-08,IL-6,IL6,2,1,TRUE
rs35029150,G,T,G,T,0.0871,-5e-04,0.472,0.445,FALSE,FALSE,FALSE,GCST90652487,0.0182,0.9773,Keloid (Greene 2025),1593010,HLA,rsid,0.015,7.07994689235526e-09,IL-6,IL6,2,1,TRUE
rs35940802,G,A,G,A,0.0892,-2e-04,0.4454,0.4443,FALSE,FALSE,FALSE,GCST90652487,0.0183,0.9921,Keloid (Greene 2025),1593010,HLA,rsid,0.016,2.63699921190517e-08,IL-6,IL6,2,1,TRUE
rs36124427,C,T,C,T,0.0784,-3e-04,0.4613,0.4446,FALSE,FALSE,FALSE,GCST90652487,0.0182,0.9851,Keloid (Greene 2025),1593010,HLA,rsid,0.0138,1.23999518852483e-08,IL-6,IL6,2,1,TRUE
rs3766926,C,T,C,T,-0.0878,0.0241,0.2194,0.1769,FALSE,FALSE,FALSE,GCST90652487,0.023,0.2958,Keloid (Greene 2025),1593010,IL6R,rsid,0.0154,1.1129867650394e-08,IL-6,IL6,2,1,TRUE
rs4291493,C,T,C,T,0.0754,0.0143,0.7142,0.6325,FALSE,FALSE,FALSE,GCST90652487,0.0183,0.4354,Keloid (Greene 2025),1593010,IL6R,rsid,0.0135,2.35298955861678e-08,IL-6,IL6,2,1,TRUE
rs4633282,C,T,C,T,-0.0796,0.0074,0.23,0.2132,FALSE,FALSE,FALSE,GCST90652487,0.0214,0.7309,Keloid (Greene 2025),1593010,IL6R,rsid,0.0143,2.71100301141296e-08,IL-6,IL6,2,1,TRUE
rs4959106,C,T,C,T,0.0823,-3e-04,0.4615,0.4459,FALSE,FALSE,FALSE,GCST90652487,0.0181,0.9851,Keloid (Greene 2025),1593010,HLA,rsid,0.0138,2.37197441360531e-09,IL-6,IL6,2,1,TRUE
rs56019122,T,C,T,C,-0.0873,0.0245,0.2165,0.1761,FALSE,FALSE,FALSE,GCST90652487,0.0227,0.282,Keloid (Greene 2025),1593010,IL6R,rsid,0.0156,2.16401367066512e-08,IL-6,IL6,2,1,TRUE
rs58348886,C,T,C,T,-0.0801,0.008,0.229,0.2142,FALSE,FALSE,FALSE,GCST90652487,0.0231,0.728,Keloid (Greene 2025),1593010,IL6R,rsid,0.0141,1.32598924025885e-08,IL-6,IL6,2,1,TRUE
rs59741504,C,T,C,T,-0.0792,0.0067,0.2306,0.2126,FALSE,FALSE,FALSE,GCST90652487,0.0214,0.7528,Keloid (Greene 2025),1593010,IL6R,rsid,0.0143,2.95399666046395e-08,IL-6,IL6,2,1,TRUE
rs60498985,T,C,T,C,-0.0793,0.0066,0.2296,0.2125,FALSE,FALSE,FALSE,GCST90652487,0.0214,0.7563,Keloid (Greene 2025),1593010,IL6R,rsid,0.0143,3.02802878966386e-08,IL-6,IL6,2,1,TRUE
rs6669229,G,A,G,A,0.0808,0.0277,0.7663,0.6925,FALSE,FALSE,FALSE,GCST90652487,0.0212,0.1927,Keloid (Greene 2025),1593010,IL6R,rsid,0.0139,6.11096786564015e-09,IL-6,IL6,2,1,TRUE
rs73023349,C,T,C,T,-0.0804,0.0049,0.227,0.2091,FALSE,FALSE,FALSE,GCST90652487,0.0217,0.822,Keloid (Greene 2025),1593010,IL6R,rsid,0.0144,2.45900833037898e-08,IL-6,IL6,2,1,TRUE
rs7543174,T,C,T,C,0.0934,-0.0173,0.8199,0.7254,FALSE,FALSE,FALSE,GCST90652487,0.0208,0.4066,Keloid (Greene 2025),1593010,IL6R,rsid,0.0159,4.46498495655149e-09,IL-6,IL6,2,1,TRUE
rs9271328,G,A,G,A,-0.0838,0.0051,0.4257,0.4777,FALSE,FALSE,FALSE,GCST90652487,0.0181,0.7784,Keloid (Greene 2025),1593010,HLA,rsid,0.0151,3.01599071371539e-08,IL-6,IL6,2,1,TRUE
rs9271340,C,T,C,T,-0.0839,0.004,0.4253,0.4721,FALSE,FALSE,FALSE,GCST90652487,0.0184,0.8266,Keloid (Greene 2025),1593010,HLA,rsid,0.0151,2.85200314440072e-08,IL-6,IL6,2,1,TRUE
