SNP,locus,found_by_rsid,found_by_position
rs1129737,HLA,FALSE,TRUE
rs12403537,IL6R,TRUE,TRUE
rs2228145,IL6R,TRUE,TRUE
rs3129754,HLA,TRUE,TRUE
rs34136174,HLA,TRUE,TRUE
rs34850435,HLA,TRUE,TRUE
rs35029150,HLA,TRUE,TRUE
rs35940802,HLA,TRUE,TRUE
rs36124427,HLA,TRUE,TRUE
rs3766926,IL6R,TRUE,TRUE
rs4291493,IL6R,TRUE,TRUE
rs4633282,IL6R,TRUE,TRUE
rs4959106,HLA,TRUE,TRUE
rs5004279,HLA,TRUE,TRUE
rs56019122,IL6R,TRUE,TRUE
rs58348886,IL6R,TRUE,TRUE
rs59741504,IL6R,TRUE,TRUE
rs60498985,IL6R,TRUE,TRUE
rs6669229,IL6R,TRUE,TRUE
rs73023349,IL6R,TRUE,TRUE
rs7543174,IL6R,TRUE,TRUE
rs9271328,HLA,TRUE,TRUE
rs9271340,HLA,TRUE,TRUE
